"Car","Class","Driver","Lap","Lap Time","Session Time","Flag","Location","S01","S02","S03"
"3","GTDPRO","Jordan Taylor","1","1:44.971","1:44.971","Green","Track","0.000","40.331","19.800"
"23","GTDPRO","Alex Riberas","1","1:50.101","1:50.101","Green","Track","0.000","41.781","21.866"
"27","GTD","Roman De Angelis","1","1:53.116","1:53.116","Green","Track","0.000","43.164","22.192"
"1","GTD","Madison Snow","1","1:54.999","1:54.999","Green","Track","0.000","43.454","22.723"
"70","GTD","Brendan Iribe","1","1:55.826","1:55.826","Green","Track","44.485","41.061","22.133"
"79","GTDPRO","Jules Gounon","1","1:57.008","1:57.008","Green","Pit","0.000","42.990","30.737"
"91","GTD","Alan Metni","1","1:58.868","1:58.868","Green","Track","45.420","44.023","23.919"
"92","GTD","David Brule","1","1:59.917","1:59.917","Green","Track","45.574","43.543","24.132"
"78","GTD","Misha Goikhberg","1","2:06.180","2:06.180","Green","Track","41.063","42.631","27.234"
"96","GTD","Patrick Gallagher","1","2:10.600","2:10.600","Green","Track","45.794","43.892","30.771"
"97","GTD","Chandler Hull","1","2:10.887","2:10.887","Green","Track","46.000","44.561","29.359"
"32","GTD","Mikael Grenier","1","2:12.437","2:12.437","Green","Track","49.135","41.099","23.270"
"77","GTD","Alan Brynjolfsson","1","2:13.361","2:13.361","Green","Track","43.840","46.599","29.420"
"66","GTD","Sheena Monk","1","2:13.371","2:13.371","Green","Track","45.768","48.157","27.550"
"80","GTD","PJ Hyett","1","2:14.610","2:14.610","Green","Track","48.785","42.646","23.280"
"57","GTD","Russell Ward","1","2:28.919","2:28.919","Green","Track","39.181","37.425","19.566"
"12","GTD","Frankie Montecalvo","1","2:50.238","2:50.238","Green","Track","0.000","45.544","23.156"
"3","GTDPRO","Jordan Taylor","2","1:22.689","3:07.660","Green","Track","23.432","40.691","18.566"
"23","GTDPRO","Alex Riberas","2","1:21.441","3:11.542","Green","Track","24.345","36.422","20.674"
"27","GTD","Roman De Angelis","2","1:24.012","3:17.128","Green","Track","25.873","39.191","18.948"
"1","GTD","Madison Snow","2","1:28.743","3:23.742","Green","Track","25.399","41.916","21.428"
"70","GTD","Brendan Iribe","2","1:29.097","3:24.923","Green","Track","25.148","42.302","21.647"
"91","GTD","Alan Metni","2","1:28.231","3:27.099","Green","Track","24.685","41.232","22.314"
"92","GTD","David Brule","2","1:28.891","3:28.808","Green","Track","26.385","38.894","23.612"
"78","GTD","Misha Goikhberg","2","1:26.094","3:32.274","Green","Track","24.283","42.826","18.985"
"96","GTD","Patrick Gallagher","2","1:29.904","3:40.504","Green","Track","25.906","43.405","20.593"
"32","GTD","Mikael Grenier","2","1:32.272","3:44.709","Green","Track","27.150","40.752","24.370"
"97","GTD","Chandler Hull","2","1:35.519","3:46.406","Green","Track","27.089","44.444","23.986"
"77","GTD","Alan Brynjolfsson","2","1:34.038","3:47.399","Green","Track","27.035","46.067","20.936"
"80","GTD","PJ Hyett","2","1:34.895","3:49.505","Green","Track","27.867","44.231","22.797"
"66","GTD","Sheena Monk","2","1:40.816","3:54.187","Green","Track","27.653","48.680","24.483"
"57","GTD","Russell Ward","2","1:36.135","4:05.054","Green","Track","23.721","43.814","28.600"
"12","GTD","Frankie Montecalvo","2","1:19.475","4:09.713","Green","Track","24.862","36.072","18.541"
"14","GTDPRO","Jack Hawksworth","1","4:14.285","4:14.285","Green","Track","0.000","39.671","20.279"
"3","GTDPRO","Jordan Taylor","3","1:15.655","4:23.315","Green","Track","22.283","35.159","18.213"
"23","GTDPRO","Alex Riberas","3","1:15.703","4:27.245","Green","Track","22.647","34.787","18.269"
"27","GTD","Roman De Angelis","3","1:15.918","4:33.046","Green","Track","22.396","35.114","18.408"
"1","GTD","Madison Snow","3","1:16.034","4:39.776","Green","Track","22.905","34.714","18.415"
"70","GTD","Brendan Iribe","3","1:17.553","4:42.476","Green","Track","23.250","35.723","18.580"
"91","GTD","Alan Metni","3","1:18.390","4:45.489","Green","Track","23.167","36.016","19.207"
"78","GTD","Misha Goikhberg","3","1:17.211","4:49.485","Green","Track","23.264","35.358","18.589"
"92","GTD","David Brule","3","1:22.025","4:50.833","Green","Track","25.422","36.953","19.650"
"96","GTD","Patrick Gallagher","3","1:18.994","4:59.498","Green","Track","23.128","35.767","20.099"
"32","GTD","Mikael Grenier","3","1:16.260","5:00.969","Green","Track","22.857","35.033","18.370"
"97","GTD","Chandler Hull","3","1:17.038","5:03.444","Green","Track","23.264","34.999","18.775"
"77","GTD","Alan Brynjolfsson","3","1:18.930","5:06.329","Green","Track","24.018","35.921","18.991"
"80","GTD","PJ Hyett","3","1:18.576","5:08.081","Green","Track","23.679","35.647","19.250"
"66","GTD","Sheena Monk","3","1:23.154","5:17.341","Green","Track","27.176","37.057","18.921"
"57","GTD","Russell Ward","3","1:16.566","5:21.620","Green","Track","22.950","35.017","18.599"
"9","GTDPRO","Klaus Bachler","1","5:26.867","5:26.867","Green","Track","0.000","41.399","21.502"
"12","GTD","Frankie Montecalvo","3","1:19.637","5:29.350","Green","Track","22.319","38.175","19.143"
"14","GTDPRO","Jack Hawksworth","2","1:21.437","5:35.722","Green","Track","25.026","36.265","20.146"
"3","GTDPRO","Jordan Taylor","4","1:15.623","5:38.938","Green","Track","22.321","34.935","18.367"
"23","GTDPRO","Alex Riberas","4","1:15.341","5:42.586","Green","Track","22.308","34.694","18.339"
"27","GTD","Roman De Angelis","4","1:15.579","5:48.625","Green","Track","22.442","34.864","18.273"
"1","GTD","Madison Snow","4","1:15.780","5:55.556","Green","Track","22.651","34.726","18.403"
"70","GTD","Brendan Iribe","4","1:16.360","5:58.836","Green","Track","22.931","34.972","18.457"
"91","GTD","Alan Metni","4","1:17.614","6:03.103","Green","Track","23.017","35.324","19.273"
"78","GTD","Misha Goikhberg","4","1:16.100","6:05.585","Green","Track","22.921","34.697","18.482"
"92","GTD","David Brule","4","1:20.968","6:11.801","Green","Track","24.330","36.706","19.932"
"96","GTD","Patrick Gallagher","4","1:16.380","6:15.878","Green","Track","23.005","34.860","18.515"
"32","GTD","Mikael Grenier","4","1:15.999","6:16.968","Green","Track","22.762","34.982","18.255"
"97","GTD","Chandler Hull","4","1:16.196","6:19.640","Green","Track","22.744","34.864","18.588"
"77","GTD","Alan Brynjolfsson","4","1:17.197","6:23.526","Green","Track","23.126","35.302","18.769"
"80","GTD","PJ Hyett","4","1:17.639","6:25.720","Green","Track","23.428","35.408","18.803"
"66","GTD","Sheena Monk","4","1:17.248","6:34.589","Green","Track","23.383","35.113","18.752"
"57","GTD","Russell Ward","4","1:16.292","6:37.912","Green","Track","22.763","34.913","18.616"
"9","GTDPRO","Klaus Bachler","2","1:19.588","6:46.455","Green","Track","24.290","36.245","19.053"
"14","GTDPRO","Jack Hawksworth","3","1:15.029","6:50.751","Green","Track","22.380","34.752","17.897"
"12","GTD","Frankie Montecalvo","4","1:24.620","6:53.970","Green","Track","26.241","40.032","18.347"
"3","GTDPRO","Jordan Taylor","5","1:23.826","7:02.764","Green","Track","23.153","40.885","19.788"
"27","GTD","Roman De Angelis","5","1:15.478","7:04.103","Green","Track","22.287","34.961","18.230"
"23","GTDPRO","Alex Riberas","5","1:23.370","7:05.956","Green","Track","22.587","40.528","20.255"
"79","GTDPRO","Jules Gounon","2","5:11.505","7:08.513","Green","Track","243.639","47.198","20.668"
"1","GTD","Madison Snow","5","1:15.595","7:11.151","Green","Track","22.693","34.584","18.318"
"70","GTD","Brendan Iribe","5","1:16.531","7:15.367","Green","Track","22.909","35.119","18.503"
"91","GTD","Alan Metni","5","1:17.894","7:20.997","Green","Track","23.536","35.211","19.147"
"78","GTD","Misha Goikhberg","5","1:20.694","7:26.279","Green","Track","23.069","36.831","20.794"
"92","GTD","David Brule","5","1:20.469","7:32.270","Green","Track","24.119","36.839","19.511"
"97","GTD","Chandler Hull","5","1:16.631","7:36.271","Green","Track","22.872","35.088","18.671"
"32","GTD","Mikael Grenier","5","1:22.052","7:39.020","Green","Track","23.622","37.531","20.899"
"96","GTD","Patrick Gallagher","5","1:24.298","7:40.176","Green","Track","23.682","41.023","19.593"
"77","GTD","Alan Brynjolfsson","5","1:17.028","7:40.554","Green","Track","23.060","35.076","18.892"
"80","GTD","PJ Hyett","5","1:16.983","7:42.703","Green","Track","22.973","35.220","18.790"
"66","GTD","Sheena Monk","5","1:17.272","7:51.861","Green","Track","23.607","35.193","18.472"
"57","GTD","Russell Ward","5","1:19.690","7:57.602","Green","Track","22.817","35.311","21.562"
"9","GTDPRO","Klaus Bachler","3","1:15.752","8:02.207","Green","Track","22.695","34.682","18.375"
"14","GTDPRO","Jack Hawksworth","4","1:15.146","8:05.897","Green","Track","22.257","34.812","18.077"
"12","GTD","Frankie Montecalvo","5","1:15.508","8:09.478","Green","Track","22.287","35.031","18.190"
"3","GTDPRO","Jordan Taylor","6","1:15.657","8:18.421","Green","Track","22.391","34.975","18.291"
"27","GTD","Roman De Angelis","6","1:26.104","8:30.207","Green","Pit","22.488","35.298","28.318"
"79","GTDPRO","Jules Gounon","3","1:22.028","8:30.541","Green","Track","24.432","36.194","21.402"
"1","GTD","Madison Snow","6","1:20.167","8:31.318","Green","Track","25.481","35.521","19.165"
"70","GTD","Brendan Iribe","6","1:16.945","8:32.312","Green","Track","22.833","35.259","18.853"
"23","GTDPRO","Alex Riberas","6","1:29.966","8:35.922","Green","Pit","22.499","34.842","32.625"
"91","GTD","Alan Metni","6","1:17.318","8:38.315","Green","Track","22.954","35.326","19.038"
"78","GTD","Misha Goikhberg","6","1:16.456","8:42.735","Green","Track","22.985","34.945","18.526"
"92","GTD","David Brule","6","1:21.055","8:53.325","Green","Track","24.504","36.583","19.968"
"97","GTD","Chandler Hull","6","1:17.110","8:53.381","Green","Track","22.958","35.136","19.016"
"32","GTD","Mikael Grenier","6","1:15.674","8:54.694","Green","Track","22.503","34.854","18.317"
"96","GTD","Patrick Gallagher","6","1:15.992","8:56.168","Green","Track","22.788","34.788","18.416"
"77","GTD","Alan Brynjolfsson","6","1:19.191","8:59.745","Green","Track","23.194","35.786","20.211"
"80","GTD","PJ Hyett","6","1:21.866","9:04.569","Green","Track","24.212","38.596","19.058"
"66","GTD","Sheena Monk","6","1:17.213","9:09.074","Green","Track","23.350","35.081","18.782"
"57","GTD","Russell Ward","6","1:16.477","9:14.079","Green","Track","22.801","35.119","18.557"
"9","GTDPRO","Klaus Bachler","4","1:15.661","9:17.868","Green","Track","22.655","34.708","18.298"
"14","GTDPRO","Jack Hawksworth","5","1:15.159","9:21.056","Green","Track","22.231","34.784","18.144"
"12","GTD","Frankie Montecalvo","6","1:15.581","9:25.059","Green","Track","22.501","34.897","18.183"
"3","GTDPRO","Jordan Taylor","7","1:15.494","9:33.915","Green","Track","22.270","34.978","18.246"
"79","GTDPRO","Jules Gounon","4","1:15.250","9:45.791","Green","Track","22.373","34.772","18.105"
"1","GTD","Madison Snow","7","1:15.650","9:46.968","Green","Track","22.803","34.518","18.329"
"70","GTD","Brendan Iribe","7","1:19.307","9:51.619","Green","Track","24.389","35.920","18.998"
"91","GTD","Alan Metni","7","1:17.126","9:55.441","Green","Track","22.874","35.239","19.013"
"78","GTD","Misha Goikhberg","7","1:16.150","9:58.885","Green","Track","22.693","34.877","18.580"
"97","GTD","Chandler Hull","7","1:16.954","10:10.335","Green","Track","22.958","35.277","18.719"
"32","GTD","Mikael Grenier","7","1:19.317","10:14.011","Green","Track","24.122","36.112","19.083"
"96","GTD","Patrick Gallagher","7","1:20.619","10:16.787","Green","Track","23.843","37.028","19.748"
"92","GTD","David Brule","7","1:25.103","10:18.428","Green","Track","26.980","37.139","20.984"
"77","GTD","Alan Brynjolfsson","7","1:21.558","10:21.303","Green","Track","23.212","35.157","23.189"
"80","GTD","PJ Hyett","7","1:17.294","10:21.863","Green","Track","23.054","35.337","18.903"
"66","GTD","Sheena Monk","7","1:17.344","10:26.418","Green","Track","23.713","34.931","18.700"
"57","GTD","Russell Ward","7","1:16.165","10:30.244","Green","Track","22.631","34.997","18.537"
"9","GTDPRO","Klaus Bachler","5","1:15.584","10:33.452","Green","Track","22.576","34.672","18.336"
"12","GTD","Frankie Montecalvo","7","1:15.936","10:40.995","Green","Track","22.711","34.946","18.279"
"14","GTDPRO","Jack Hawksworth","6","1:26.092","10:47.148","Green","Track","28.656","38.772","18.664"
"3","GTDPRO","Jordan Taylor","8","1:23.862","10:57.777","Green","Track","22.387","39.267","22.208"
"79","GTDPRO","Jules Gounon","5","1:18.786","11:04.577","Green","Track","23.917","36.467","18.402"
"70","GTD","Brendan Iribe","8","1:16.648","11:08.267","Green","Track","22.830","35.359","18.459"
"91","GTD","Alan Metni","8","1:17.784","11:13.225","Green","Track","23.178","35.580","19.026"
"78","GTD","Misha Goikhberg","8","1:16.254","11:15.139","Green","Track","22.854","34.876","18.524"
"1","GTD","Madison Snow","8","1:32.473","11:19.441","Green","Pit","24.603","38.565","29.305"
"97","GTD","Chandler Hull","8","1:16.828","11:27.163","Green","Track","22.956","35.174","18.698"
"32","GTD","Mikael Grenier","8","1:15.825","11:29.836","Green","Track","22.507","35.081","18.237"
"96","GTD","Patrick Gallagher","8","1:16.279","11:33.066","Green","Track","22.923","34.950","18.406"
"77","GTD","Alan Brynjolfsson","8","1:17.816","11:39.119","Green","Track","23.333","35.337","19.146"
"92","GTD","David Brule","8","1:22.003","11:40.431","Green","Track","24.429","36.966","20.608"
"80","GTD","PJ Hyett","8","1:21.158","11:43.021","Green","Track","23.642","38.700","18.816"
"66","GTD","Sheena Monk","8","1:17.327","11:43.745","Green","Track","23.463","34.961","18.903"
"57","GTD","Russell Ward","8","1:21.779","11:52.023","Green","Track","23.175","36.943","21.661"
"9","GTDPRO","Klaus Bachler","6","1:27.619","12:01.071","Green","Track","23.310","44.336","19.973"
"12","GTD","Frankie Montecalvo","8","1:30.784","12:11.779","Green","Pit","22.547","35.036","33.201"
"14","GTDPRO","Jack Hawksworth","7","1:26.168","12:13.316","Green","Pit","22.226","34.816","29.126"
"3","GTDPRO","Jordan Taylor","9","1:15.559","12:13.336","Green","Track","22.284","35.025","18.250"
"79","GTDPRO","Jules Gounon","6","1:15.103","12:19.680","Green","Track","22.257","34.849","17.997"
"70","GTD","Brendan Iribe","9","1:16.474","12:24.741","Green","Track","22.846","35.222","18.406"
"91","GTD","Alan Metni","9","1:17.773","12:30.998","Green","Track","23.229","35.478","19.066"
"32","GTD","Mikael Grenier","9","1:17.104","12:46.940","Green","Track","22.628","35.123","19.353"
"96","GTD","Patrick Gallagher","9","1:19.413","12:52.479","Green","Track","23.085","35.164","21.164"
"77","GTD","Alan Brynjolfsson","9","1:17.635","12:56.754","Green","Track","23.376","35.462","18.797"
"80","GTD","PJ Hyett","9","1:17.955","13:00.976","Green","Track","23.083","35.820","19.052"
"92","GTD","David Brule","9","1:22.029","13:02.460","Green","Track","24.410","37.213","20.406"
"66","GTD","Sheena Monk","9","1:22.782","13:06.527","Green","Track","25.943","37.790","19.049"
"57","GTD","Russell Ward","9","1:16.395","13:08.418","Green","Track","22.883","35.003","18.509"
"9","GTDPRO","Klaus Bachler","7","1:29.831","13:30.902","Green","Pit","22.827","35.259","31.745"
"3","GTDPRO","Jordan Taylor","10","1:27.099","13:40.435","Green","Track","27.174","40.709","19.216"
"70","GTD","Brendan Iribe","10","1:16.945","13:41.686","Green","Track","23.066","35.218","18.661"
"91","GTD","Alan Metni","10","1:17.823","13:48.821","Green","Track","23.140","35.587","19.096"
"32","GTD","Mikael Grenier","10","1:15.670","14:02.610","Green","Track","22.514","35.023","18.133"
"79","GTDPRO","Jules Gounon","7","1:47.829","14:07.509","Green","Pit","23.991","52.318","31.520"
"96","GTD","Patrick Gallagher","10","1:16.170","14:08.649","Green","Track","22.757","35.032","18.381"
"77","GTD","Alan Brynjolfsson","10","1:17.285","14:14.039","Green","Track","23.193","35.335","18.757"
"80","GTD","PJ Hyett","10","1:16.988","14:17.964","Green","Track","23.004","35.440","18.544"
"92","GTD","David Brule","10","1:21.108","14:23.568","Green","Track","24.603","36.546","19.959"
"66","GTD","Sheena Monk","10","1:21.613","14:28.140","Green","Track","23.691","37.850","20.072"
"3","GTDPRO","Jordan Taylor","11","1:15.784","14:56.219","Green","Track","22.392","35.098","18.294"
"70","GTD","Brendan Iribe","11","1:16.844","14:58.530","Green","Track","22.982","35.290","18.572"
"91","GTD","Alan Metni","11","1:17.467","15:06.288","Finish","Track","23.209","35.401","18.857"
"77","GTD","Alan Brynjolfsson","11","1:17.030","15:31.069","Finish","Track","23.084","35.249","18.697"
"80","GTD","PJ Hyett","11","1:17.269","15:35.233","Finish","Track","22.917","35.513","18.839"
"96","GTD","Patrick Gallagher","11","1:33.480","15:42.129","Finish","Pit","23.296","37.185","32.999"
"92","GTD","David Brule","11","1:20.903","15:44.471","Finish","Track","24.704","36.416","19.783"
"66","GTD","Sheena Monk","11","1:17.342","15:45.482","Finish","Track","23.412","35.256","18.674"
"70","GTD","Brendan Iribe","12","1:16.382","16:14.912","Finish","Track","22.581","35.469","18.332"
"74","LMP3","Gar Robinson","1","26:36.934","26:36.934","Green","Track","36.512","36.938","18.709"
"13","LMP3","Orey Fidani","1","26:37.457","26:37.457","Green","Track","35.725","36.668","19.057"
"17","LMP3","Anthony Mantella","1","26:40.406","26:40.406","Green","Track","37.369","36.945","18.326"
"30","LMP3","Ari Balogh","1","26:45.161","26:45.161","Green","Track","37.786","37.938","20.639"
"4","LMP3","Antoine Comeau","1","26:50.438","26:50.438","Green","Track","40.347","37.164","19.142"
"33","LMP3","Lance Willsey","1","26:57.479","26:57.479","Green","Track","43.922","42.197","19.991"
"74","LMP3","Gar Robinson","2","1:14.734","27:51.668","Green","Track","22.070","34.688","17.976"
"13","LMP3","Orey Fidani","2","1:15.594","27:53.051","Green","Track","22.550","35.181","17.863"
"17","LMP3","Anthony Mantella","2","1:14.379","27:54.785","Green","Track","22.129","34.485","17.765"
"30","LMP3","Ari Balogh","2","1:16.583","28:01.744","Green","Track","22.993","35.266","18.324"
"4","LMP3","Antoine Comeau","2","1:16.742","28:07.180","Green","Track","23.426","35.294","18.022"
"33","LMP3","Lance Willsey","2","1:17.585","28:15.064","Green","Track","23.459","35.339","18.787"
"74","LMP3","Gar Robinson","3","1:13.261","29:04.929","Green","Track","21.374","34.429","17.458"
"13","LMP3","Orey Fidani","3","1:13.654","29:06.705","Green","Track","21.835","34.320","17.499"
"17","LMP3","Anthony Mantella","3","1:13.840","29:08.625","Green","Track","21.739","34.389","17.712"
"30","LMP3","Ari Balogh","3","1:15.232","29:16.976","Green","Track","22.255","34.830","18.147"
"4","LMP3","Antoine Comeau","3","1:14.914","29:22.094","Green","Track","22.346","34.729","17.839"
"33","LMP3","Lance Willsey","3","1:15.884","29:30.948","Green","Track","22.423","35.125","18.336"
"74","LMP3","Gar Robinson","4","1:12.970","30:17.899","Green","Track","21.211","34.415","17.344"
"13","LMP3","Orey Fidani","4","1:13.355","30:20.060","Green","Track","21.505","34.014","17.836"
"17","LMP3","Anthony Mantella","4","1:13.682","30:22.307","Green","Track","21.784","34.283","17.615"
"30","LMP3","Ari Balogh","4","1:14.409","30:31.385","Green","Track","21.714","34.718","17.977"
"4","LMP3","Antoine Comeau","4","1:14.666","30:36.760","Green","Track","22.106","34.818","17.742"
"33","LMP3","Lance Willsey","4","1:14.751","30:45.699","Green","Track","21.926","34.678","18.147"
"74","LMP3","Gar Robinson","5","1:12.960","31:30.859","Green","Track","21.198","34.333","17.429"
"13","LMP3","Orey Fidani","5","1:13.661","31:33.721","Green","Track","21.738","34.205","17.718"
"17","LMP3","Anthony Mantella","5","1:13.768","31:36.075","Green","Track","21.803","34.296","17.669"
"30","LMP3","Ari Balogh","5","1:14.088","31:45.473","Green","Track","21.653","34.592","17.843"
"4","LMP3","Antoine Comeau","5","1:14.258","31:51.018","Green","Track","22.006","34.702","17.550"
"33","LMP3","Lance Willsey","5","1:15.169","32:00.868","Green","Track","22.018","34.894","18.257"
"74","LMP3","Gar Robinson","6","1:12.946","32:43.805","Green","Track","21.160","34.366","17.420"
"13","LMP3","Orey Fidani","6","1:13.610","32:47.331","Green","Track","21.756","34.177","17.677"
"17","LMP3","Anthony Mantella","6","1:14.013","32:50.088","Green","Track","21.711","34.338","17.964"
"30","LMP3","Ari Balogh","6","1:14.767","33:00.240","Green","Track","22.042","34.723","18.002"
"4","LMP3","Antoine Comeau","6","1:14.246","33:05.264","Green","Track","21.771","34.749","17.726"
"33","LMP3","Lance Willsey","6","1:15.193","33:16.061","Green","Track","21.880","34.938","18.375"
"74","LMP3","Gar Robinson","7","1:13.148","33:56.953","Green","Track","21.253","34.363","17.532"
"13","LMP3","Orey Fidani","7","1:13.561","34:00.892","Green","Track","21.759","34.222","17.580"
"17","LMP3","Anthony Mantella","7","1:14.063","34:04.151","Green","Track","21.893","34.524","17.646"
"30","LMP3","Ari Balogh","7","1:14.053","34:14.293","Green","Track","21.578","34.558","17.917"
"4","LMP3","Antoine Comeau","7","1:14.423","34:19.687","Green","Track","21.852","34.794","17.777"
"33","LMP3","Lance Willsey","7","1:15.435","34:31.496","Green","Track","22.219","34.875","18.341"
"13","LMP3","Orey Fidani","8","1:13.689","35:14.581","Green","Track","21.605","34.425","17.659"
"17","LMP3","Anthony Mantella","8","1:13.991","35:18.142","Green","Track","21.828","34.380","17.783"
"30","LMP3","Ari Balogh","8","1:14.041","35:28.334","Green","Track","21.800","34.394","17.847"
"4","LMP3","Antoine Comeau","8","1:14.897","35:34.584","Green","Track","22.030","35.017","17.850"
"33","LMP3","Lance Willsey","8","1:15.787","35:47.283","Green","Track","22.293","35.070","18.424"
"17","LMP3","Anthony Mantella","9","1:13.927","36:32.069","Green","Track","21.730","34.546","17.651"
"30","LMP3","Ari Balogh","9","1:13.849","36:42.183","Green","Track","21.584","34.406","17.859"
"4","LMP3","Antoine Comeau","9","1:14.297","36:48.881","Green","Track","21.909","34.745","17.643"
"33","LMP3","Lance Willsey","9","1:15.444","37:02.727","Green","Track","22.322","34.858","18.264"
"17","LMP3","Anthony Mantella","10","1:14.018","37:46.087","Green","Track","21.622","34.615","17.781"
"30","LMP3","Ari Balogh","10","1:14.362","37:56.545","Green","Track","21.732","34.670","17.960"
"4","LMP3","Antoine Comeau","10","1:14.290","38:03.171","Green","Track","21.789","34.694","17.807"
"33","LMP3","Lance Willsey","10","1:15.496","38:18.223","Green","Track","22.227","34.823","18.446"
"30","LMP3","Ari Balogh","11","1:13.593","39:10.138","Green","Track","21.517","34.375","17.701"
"4","LMP3","Antoine Comeau","11","1:14.105","39:17.276","Green","Track","21.789","34.745","17.571"
"33","LMP3","Lance Willsey","11","1:15.600","39:33.823","Green","Track","22.302","35.041","18.257"
"30","LMP3","Ari Balogh","12","1:13.789","40:23.927","Finish","Track","21.692","34.405","17.692"
"4","LMP3","Antoine Comeau","12","1:13.884","40:31.160","Finish","Track","21.679","34.568","17.637"
"74","LMP3","Gar Robinson","8","6:46.274","40:43.227","Finish","Pit","23.846","37.688","344.740"
"33","LMP3","Lance Willsey","12","1:15.571","40:49.394","Finish","Track","22.470","34.922","18.179"
"31","GTP","Pipo Derani","1","51:39.726","51:39.726","Green","Track","0.000","38.571","19.795"
"5","GTP","Mike Rockenfeller","1","51:46.628","51:46.628","Green","Track","42.420","38.908","20.739"
"01","GTP","Sebastien Bourdais","1","51:51.179","51:51.179","Green","Pit","0.000","38.541","29.700"
"24","GTP","Augusto Farfus","1","52:06.979","52:06.979","Green","Pit","0.000","44.322","32.113"
"7","GTP","Felipe Nasr","1","52:24.877","52:24.877","Green","Track","0.000","48.841","21.660"
"10","GTP","Ricky Taylor","1","52:45.277","52:45.277","Green","Track","0.000","36.264","18.712"
"31","GTP","Pipo Derani","2","1:15.660","52:55.386","Green","Track","24.359","33.910","17.391"
"5","GTP","Mike Rockenfeller","2","1:58.033","53:44.661","Green","Pit","25.853","34.467","57.713"
"7","GTP","Felipe Nasr","2","1:20.380","53:45.257","Green","Track","23.527","37.802","19.051"
"10","GTP","Ricky Taylor","2","1:13.886","53:59.163","Green","Track","22.601","33.449","17.836"
"01","GTP","Sebastien Bourdais","2","2:16.155","54:07.334","Green","Pit","69.438","36.893","29.824"
"31","GTP","Pipo Derani","3","1:25.737","54:21.123","Green","Track","20.806","47.628","17.303"
"60","GTP","Tom Blomqvist","1","54:40.160","54:40.160","Green","Track","0.000","36.630","19.719"
"7","GTP","Felipe Nasr","3","1:13.023","54:58.280","Green","Track","21.063","34.221","17.739"
"10","GTP","Ricky Taylor","3","1:09.884","55:09.047","Green","Track","21.685","31.851","16.348"
"5","GTP","Mike Rockenfeller","3","1:39.193","55:23.854","Green","Track","43.431","36.393","19.369"
"31","GTP","Pipo Derani","4","1:06.502","55:27.625","Green","Track","19.928","30.617","15.957"
"24","GTP","Augusto Farfus","2","3:34.712","55:41.691","Green","Track","160.506","35.559","18.647"
"60","GTP","Tom Blomqvist","2","1:12.819","55:52.979","Green","Track","22.694","32.754","17.371"
"7","GTP","Felipe Nasr","4","1:07.211","56:05.491","Green","Track","20.103","30.866","16.242"
"10","GTP","Ricky Taylor","4","1:06.681","56:15.728","Green","Track","19.567","30.834","16.280"
"5","GTP","Mike Rockenfeller","4","1:17.469","56:41.323","Green","Track","25.740","33.954","17.775"
"31","GTP","Pipo Derani","5","1:20.606","56:48.231","Green","Pit","20.973","33.015","26.618"
"24","GTP","Augusto Farfus","3","1:12.858","56:54.549","Green","Track","22.841","32.704","17.313"
"6","GTP","Mathieu Jaminet","1","57:01.877","57:01.877","Green","Track","0.000","40.730","19.806"
"60","GTP","Tom Blomqvist","3","1:18.183","57:11.162","Green","Track","20.727","37.835","19.621"
"7","GTP","Felipe Nasr","5","1:07.129","57:12.620","Green","Track","19.902","30.872","16.355"
"25","GTP","Nick Yelloly","1","57:19.705","57:19.705","Green","Track","0.000","38.876","18.834"
"10","GTP","Ricky Taylor","5","1:05.734","57:21.462","Green","Track","19.259","30.621","15.854"
"5","GTP","Mike Rockenfeller","5","1:09.651","57:50.974","Green","Track","21.217","31.632","16.802"
"24","GTP","Augusto Farfus","4","1:08.639","58:03.188","Green","Track","20.814","31.285","16.540"
"6","GTP","Mathieu Jaminet","2","1:15.828","58:17.705","Green","Track","24.351","33.608","17.869"
"7","GTP","Felipe Nasr","6","1:07.227","58:19.847","Green","Track","19.834","30.999","16.394"
"60","GTP","Tom Blomqvist","4","1:17.778","58:28.940","Green","Track","19.268","37.565","20.945"
"10","GTP","Ricky Taylor","6","1:11.427","58:32.889","Green","Track","19.328","32.209","19.890"
"25","GTP","Nick Yelloly","2","1:14.142","58:33.847","Green","Track","24.188","32.265","17.689"
"01","GTP","Sebastien Bourdais","3","4:45.440","58:52.774","Green","Track","228.122","37.788","19.530"
"5","GTP","Mike Rockenfeller","6","1:07.516","58:58.490","Green","Track","19.912","31.109","16.495"
"31","GTP","Pipo Derani","6","2:15.235","59:03.466","Green","Track","77.814","38.091","19.330"
"24","GTP","Augusto Farfus","5","1:06.999","59:10.187","Green","Track","19.791","30.948","16.260"
"7","GTP","Felipe Nasr","7","1:06.782","59:26.629","Green","Track","19.886","30.744","16.152"
"6","GTP","Mathieu Jaminet","3","1:13.037","59:30.742","Green","Track","21.613","33.937","17.487"
"60","GTP","Tom Blomqvist","5","1:05.653","59:34.593","Green","Track","19.157","30.599","15.897"
"25","GTP","Nick Yelloly","3","1:09.114","59:42.961","Green","Track","20.827","31.311","16.976"
"10","GTP","Ricky Taylor","7","1:16.666","59:49.555","Green","Track","19.346","35.679","21.641"
"5","GTP","Mike Rockenfeller","7","1:07.102","1:00:05.592","Green","Track","19.821","30.906","16.375"
"01","GTP","Sebastien Bourdais","4","1:17.701","1:00:10.475","Green","Track","23.145","35.986","18.570"
"24","GTP","Augusto Farfus","6","1:06.964","1:00:17.151","Green","Track","19.705","30.955","16.304"
"31","GTP","Pipo Derani","7","1:19.768","1:00:23.234","Green","Track","23.174","39.122","17.472"
"6","GTP","Mathieu Jaminet","4","1:08.854","1:00:39.596","Green","Track","20.525","31.372","16.957"
"7","GTP","Felipe Nasr","8","1:17.466","1:00:44.095","Green","Track","22.257","36.293","18.916"
"60","GTP","Tom Blomqvist","6","1:14.486","1:00:49.079","Green","Track","24.171","33.074","17.241"
"25","GTP","Nick Yelloly","4","1:06.878","1:00:49.839","Green","Track","19.881","30.863","16.134"
"10","GTP","Ricky Taylor","8","1:12.023","1:01:01.578","Green","Track","19.103","34.480","18.440"
"5","GTP","Mike Rockenfeller","8","1:07.034","1:01:12.626","Green","Track","19.666","30.983","16.385"
"01","GTP","Sebastien Bourdais","5","1:09.821","1:01:20.296","Green","Track","21.318","31.833","16.670"
"24","GTP","Augusto Farfus","7","1:06.801","1:01:23.952","Green","Track","19.738","30.980","16.083"
"31","GTP","Pipo Derani","8","1:07.160","1:01:30.394","Green","Track","20.061","30.827","16.272"
"6","GTP","Mathieu Jaminet","5","1:07.329","1:01:46.925","Green","Track","19.874","31.031","16.424"
"7","GTP","Felipe Nasr","9","1:07.676","1:01:51.771","Green","Track","19.693","30.941","17.042"
"60","GTP","Tom Blomqvist","7","1:05.743","1:01:54.822","Green","Track","19.315","30.619","15.809"
"25","GTP","Nick Yelloly","5","1:11.191","1:02:01.030","Green","Track","20.476","33.108","17.607"
"10","GTP","Ricky Taylor","9","1:05.910","1:02:07.488","Green","Track","19.136","30.711","16.063"
"5","GTP","Mike Rockenfeller","9","1:06.946","1:02:19.572","Green","Track","19.805","30.858","16.283"
"01","GTP","Sebastien Bourdais","6","1:06.775","1:02:27.071","Green","Track","19.934","30.903","15.938"
"24","GTP","Augusto Farfus","8","1:10.140","1:02:34.092","Green","Track","20.031","32.878","17.231"
"31","GTP","Pipo Derani","9","1:05.829","1:02:36.223","Green","Track","19.528","30.513","15.788"
"6","GTP","Mathieu Jaminet","6","1:08.780","1:02:55.705","Green","Track","19.769","31.603","17.408"
"7","GTP","Felipe Nasr","10","1:13.533","1:03:05.304","Green","Track","19.850","36.533","17.150"
"25","GTP","Nick Yelloly","6","1:06.873","1:03:07.903","Green","Track","19.827","30.904","16.142"
"60","GTP","Tom Blomqvist","8","1:27.337","1:03:22.159","Green","Pit","21.723","36.803","28.811"
"10","GTP","Ricky Taylor","10","1:25.875","1:03:33.363","Green","Pit","23.930","33.951","27.994"
"01","GTP","Sebastien Bourdais","7","1:06.540","1:03:33.611","Green","Track","19.627","30.865","16.048"
"5","GTP","Mike Rockenfeller","10","1:16.741","1:03:36.313","Green","Track","19.978","34.912","21.851"
"24","GTP","Augusto Farfus","9","1:07.460","1:03:41.552","Green","Track","19.963","31.136","16.361"
"31","GTP","Pipo Derani","10","1:18.902","1:03:55.125","Green","Pit","19.639","30.526","28.737"
"6","GTP","Mathieu Jaminet","7","1:07.349","1:04:03.054","Green","Track","19.962","31.030","16.357"
"7","GTP","Felipe Nasr","11","1:06.596","1:04:11.900","Green","Track","19.791","30.801","16.004"
"25","GTP","Nick Yelloly","7","1:19.397","1:04:27.300","Green","Track","20.128","38.887","20.382"
"01","GTP","Sebastien Bourdais","8","1:06.266","1:04:39.877","Green","Track","19.417","30.861","15.988"
"24","GTP","Augusto Farfus","10","1:10.975","1:04:52.527","Green","Track","20.143","32.481","18.351"
"5","GTP","Mike Rockenfeller","11","1:19.636","1:04:55.949","Green","Track","23.715","36.060","19.861"
"6","GTP","Mathieu Jaminet","8","1:10.696","1:05:13.750","Green","Track","22.045","31.824","16.827"
"7","GTP","Felipe Nasr","12","1:11.946","1:05:23.846","Green","Track","21.858","33.256","16.832"
"25","GTP","Nick Yelloly","8","1:06.932","1:05:34.232","Green","Track","19.818","30.977","16.137"
"01","GTP","Sebastien Bourdais","9","1:09.352","1:05:49.229","Green","Track","19.634","33.052","16.666"
"5","GTP","Mike Rockenfeller","12","1:08.692","1:06:04.641","Green","Track","20.242","31.337","17.113"
"6","GTP","Mathieu Jaminet","9","1:07.385","1:06:21.135","Green","Track","19.901","31.139","16.345"
"24","GTP","Augusto Farfus","11","1:30.993","1:06:23.520","Green","Pit","26.061","35.809","29.123"
"7","GTP","Felipe Nasr","13","1:06.521","1:06:30.367","Green","Track","19.738","30.697","16.086"
"25","GTP","Nick Yelloly","9","1:06.848","1:06:41.080","Green","Track","19.802","30.928","16.118"
"01","GTP","Sebastien Bourdais","10","1:19.425","1:07:08.654","Green","Pit","19.720","30.777","28.928"
"5","GTP","Mike Rockenfeller","13","1:07.229","1:07:11.870","Green","Track","20.011","30.875","16.343"
"6","GTP","Mathieu Jaminet","10","1:12.173","1:07:33.308","Green","Track","21.515","31.555","19.103"
"7","GTP","Felipe Nasr","14","1:29.942","1:08:00.309","Green","Pit","23.784","37.712","28.446"
"25","GTP","Nick Yelloly","10","1:26.800","1:08:07.880","Green","Pit","22.185","34.468","30.147"
"6","GTP","Mathieu Jaminet","11","1:18.904","1:08:52.212","Green","Pit","20.062","32.038","26.804"
